URL,Last crawled
https://protocolsentinel.com/archives/2023,2025-11-22
https://www.protocolsentinel.com/tags/tucker-carlson/,2025-11-21
https://www.protocolsentinel.com/tags/comfort/,2025-11-21
https://www.protocolsentinel.com/friends/,2025-11-20
https://www.protocolsentinel.com/categories/Reviews/,2025-11-20
https://www.protocolsentinel.com/categories/news/,2025-11-20
https://www.protocolsentinel.com/tags/drones-sightings-government-conspiracy-social-media/,2025-11-20
https://www.protocolsentinel.com/tags/alexa/,2025-11-19
https://www.protocolsentinel.com/tags/conspiracies/,2025-11-18
https://www.protocolsentinel.com/tags/critical-thinking/,2025-11-17
https://www.protocolsentinel.com/tags/programming/,2025-11-17
https://www.protocolsentinel.com/tags/google/,2025-11-15
https://www.protocolsentinel.com/tags/electrician/,2025-11-11
https://www.protocolsentinel.com/tags/Fancy/,2025-11-11
https://www.protocolsentinel.com/tags/jimmy-kimmel/,2025-11-11
https://www.protocolsentinel.com/tags/OpenSource/,2025-11-11
https://protocolsentinel.com/categories/AmazonTopPicks/,2025-11-11
https://protocolsentinel.com/categories/amazontoppicks/,2025-11-11
https://www.protocolsentinel.com/tags/DIY/,2025-11-10
https://www.protocolsentinel.com/categories/Backpack/,2025-11-10
https://www.protocolsentinel.com/tags/Hollywood/,2025-11-10
https://www.protocolsentinel.com/tags/Tech-Stuff/,2025-11-09
https://www.protocolsentinel.com/tags/government/,2025-11-08
https://www.protocolsentinel.com/categories/Tech-Stuff/,2025-11-08
https://www.protocolsentinel.com/tags/conspiracy/,2025-11-08
https://protocolsentinel.com/tags/3dprint/,2025-11-07
https://www.protocolsentinel.com/tags/3dprint/,2025-11-07
https://protocolsentinel.com/archives/2025,2025-10-28
https://protocolsentinel.com/tags/trump/,2025-10-27
https://protocolsentinel.com/tags/consequences/,2025-10-27
https://www.protocolsentinel.com/tags/consequences/,2025-10-27
https://protocolsentinel.com/tags/Trump/,2025-10-25
https://protocolsentinel.com/links/www.cojovi.com,2025-10-23
https://www.protocolsentinel.com/tags/Wall/,2025-10-20
https://www.protocolsentinel.com/tags/wires/,2025-10-19
https://www.protocolsentinel.com/categories/coding/,2025-10-18
https://www.protocolsentinel.com/tags/television/,2025-10-18
https://www.protocolsentinel.com/tags/Charlie-Kirk/,2025-10-17
https://www.protocolsentinel.com/tags/US-military/,2025-10-17
https://protocolsentinel.com/archives/2025/06/,2025-10-17
https://www.protocolsentinel.com/tags/TechStuff/,2025-10-17
https://protocolsentinel.com/categories/US-Politics/,2025-10-17
https://www.protocolsentinel.com/tags/Pricing/,2025-10-17
https://protocolsentinel.com/archives/2020/01/,2025-10-17
https://www.protocolsentinel.com/tags/news/,2025-10-16
https://www.protocolsentinel.com/categories/Politics/US-Foreign-Policy/Conservative-Movement/Current-Events/,2025-10-16
https://www.protocolsentinel.com/tags/Nicholas-Gonzalez/,2025-10-16
https://protocolsentinel.com/atom.xml,2025-10-16
https://www.protocolsentinel.com/tags/media/,2025-10-16
https://www.protocolsentinel.com/tags/LLM/,2025-10-16
https://www.protocolsentinel.com/categories/Culture/,2025-10-16
https://www.protocolsentinel.com/tags/3d/,2025-10-16
https://www.protocolsentinel.com/tags/speculation/,2025-10-16
https://www.protocolsentinel.com/tags/coding/,2025-10-16
https://www.protocolsentinel.com/categories/DIY/,2025-10-15
https://protocolsentinel.com/www.protocolsentinel.com,2025-10-15
https://www.protocolsentinel.com/tags/alternative-medicine/,2025-10-15
https://www.protocolsentinel.com/tags/Developer-Tools/,2025-10-15
https://www.protocolsentinel.com/tags/Enhanced/,2025-10-15
https://www.protocolsentinel.com/tags/texting/,2025-10-15
https://www.protocolsentinel.com/tags/mkultra/,2025-10-15
https://www.protocolsentinel.com/tags/smart/,2025-10-15
https://www.protocolsentinel.com/tags/theo-von/,2025-10-15
https://www.protocolsentinel.com/tags/OpenELM/,2025-10-15
https://www.protocolsentinel.com/tags/pi/,2025-10-15
https://www.protocolsentinel.com/tags/Ethics/,2025-10-15
https://www.protocolsentinel.com/categories/news/web/tech/,2025-10-15
https://www.protocolsentinel.com/tags/loneliness/,2025-10-15
https://www.protocolsentinel.com/tags/marvel/,2025-10-15
https://www.protocolsentinel.com/categories/Reflections/News/,2025-10-15
https://www.protocolsentinel.com/tags/dc/,2025-10-15
https://www.protocolsentinel.com/tags/Stock-Trading-Ban/,2025-10-15
https://www.protocolsentinel.com/categories/Technology/Conspiracy/,2025-10-15
https://www.protocolsentinel.com/tags/UFO/,2025-10-15
https://www.protocolsentinel.com/tags/relationship/,2025-10-15
https://protocolsentinel.com/archives/2023/06/,2025-10-15
https://www.protocolsentinel.com/tags/integration/,2025-10-15
https://www.protocolsentinel.com/tags/tech/,2025-10-15
https://www.protocolsentinel.com/categories/weapon/,2025-10-15
https://www.protocolsentinel.com/tags/Law-Enforcement-Updates/,2025-10-15
https://www.protocolsentinel.com/categories/Artificial-Intelligence/Technology/Future/Business/,2025-10-15
https://www.protocolsentinel.com/tags/Apple/,2025-10-15
https://www.protocolsentinel.com/tags/boundaries/,2025-10-15
https://www.protocolsentinel.com/categories/Wall-Decor/,2025-10-14
https://www.protocolsentinel.com/categories/Technology/,2025-10-14
https://www.protocolsentinel.com/tags/mental-health/,2025-10-14
https://www.protocolsentinel.com/categories/politics/,2025-10-14
https://www.protocolsentinel.com/tags/hammer/,2025-10-14
https://www.protocolsentinel.com/tags/thor/,2025-10-14
https://protocolsentinel.com/categories/Reflections/,2025-10-14
https://www.protocolsentinel.com/tags/Conspiracy/,2025-10-14
https://www.protocolsentinel.com/tags/SaaS/,2025-10-14
https://www.protocolsentinel.com/categories/tech/,2025-10-14
https://www.protocolsentinel.com/categories/Entertainment/Conspiracy/,2025-10-14
https://www.protocolsentinel.com/categories/news/web/,2025-10-14
https://www.protocolsentinel.com/tags/CRM-Construction/,2025-10-14
https://www.protocolsentinel.com/categories/Technology/Sports/Conspiracy/,2025-10-14
https://www.protocolsentinel.com/tags/Pistol/,2025-10-14
https://www.protocolsentinel.com/tags/cancer/,2025-10-14
https://www.protocolsentinel.com/tags/AI-Deep-Learning-Media-Partnership/,2025-10-13
https://www.protocolsentinel.com/tags/raspberry/,2025-10-13
https://www.protocolsentinel.com/tags/smart-home/,2025-10-13
https://www.protocolsentinel.com/tags/iOS/,2025-10-13
https://www.protocolsentinel.com/categories/Entertainment/Conspiracy/UFOs/,2025-10-13
https://www.protocolsentinel.com/categories/Technology-Innovation-Collaboration/,2025-10-13
https://www.protocolsentinel.com/tags/cosplay/,2025-10-13
https://www.protocolsentinel.com/tags/Games/,2025-10-13
https://www.protocolsentinel.com/tags/superhero/,2025-10-13
https://www.protocolsentinel.com/tags/mask/,2025-10-13
https://www.protocolsentinel.com/categories/Technology-Current-Events/,2025-10-13
https://www.protocolsentinel.com/tags/Enhanced-Games/,2025-10-13
https://www.protocolsentinel.com/categories/Amazon-Item-Review/,2025-10-13
https://www.protocolsentinel.com/categories/articles/,2025-10-13
https://www.protocolsentinel.com/tags/Congress/,2025-10-13
https://www.protocolsentinel.com/tags/Sports/,2025-10-13
https://www.protocolsentinel.com/categories/ai/,2025-10-13
https://www.protocolsentinel.com/tags/weapon/,2025-10-13
https://www.protocolsentinel.com/categories/Psychology/,2025-10-13
https://www.protocolsentinel.com/tags/AI/,2025-10-13
https://www.protocolsentinel.com/categories/google/,2025-10-13
https://www.protocolsentinel.com/tags/occult-bloodlines/,2025-10-13
https://www.protocolsentinel.com/tags/Finance/,2025-10-13
https://www.protocolsentinel.com/categories/Reflections/,2025-10-13
https://www.protocolsentinel.com/categories/uncategorized/,2025-10-13
https://www.protocolsentinel.com/tags/radicalism/,2025-10-13
https://www.protocolsentinel.com/tags/OpenAI/,2025-10-13
https://protocolsentinel.com/tags/Developer-Tools/,2025-10-13
https://www.protocolsentinel.com/tags/Decor/,2025-10-13
https://www.protocolsentinel.com/tags/media-literacy/,2025-10-13
https://www.protocolsentinel.com/tags/Utah-Valley-University/,2025-10-13
https://www.protocolsentinel.com/tags/politics/,2025-10-13
https://www.protocolsentinel.com/tags/emotional-apathy/,2025-10-13
https://www.protocolsentinel.com/about/,2025-10-13
https://www.protocolsentinel.com/categories/Video-Games/,2025-10-13
https://www.protocolsentinel.com/tags/Pentagon/,2025-10-13
https://www.protocolsentinel.com/tags/Tech/,2025-10-13
https://www.protocolsentinel.com/tags/deathstroke/,2025-10-13
https://www.protocolsentinel.com/categories/News/,2025-10-13
https://www.protocolsentinel.com/tags/work/,2025-10-13
https://www.protocolsentinel.com/tags/Politics/,2025-10-13
https://www.protocolsentinel.com/tags/bored/,2025-10-13
https://www.protocolsentinel.com/categories/3d-Print/,2025-10-13
https://www.protocolsentinel.com/tags/Disclosure/,2025-10-13
https://www.protocolsentinel.com/categories/Politics/,2025-10-13
https://www.protocolsentinel.com/categories/Entertainment/,2025-10-13
https://protocolsentinel.com/tags/AI-History/,2025-10-13
https://www.protocolsentinel.com/categories/Artificial-Intelligence/Technology/,2025-10-12
https://www.protocolsentinel.com/tags/home-automation/,2025-10-12
https://www.protocolsentinel.com/categories/home-automation/,2025-10-12
https://www.protocolsentinel.com/tags/Quantico/,2025-10-12
https://www.protocolsentinel.com/tags/free-speech/,2025-10-12
https://www.protocolsentinel.com/tags/home/,2025-10-12
https://www.protocolsentinel.com/tags/UAP/,2025-10-12
https://www.protocolsentinel.com/tags/media-accountability/,2025-10-12
https://www.protocolsentinel.com/categories/Hot-Takes/,2025-10-12
https://www.protocolsentinel.com/tags/generals/,2025-10-12
https://www.protocolsentinel.com/tags/Barbenheimer/,2025-10-12
https://www.protocolsentinel.com/tags/automation/,2025-10-12
https://www.protocolsentinel.com/categories/Home-Assistant/,2025-10-12
https://www.protocolsentinel.com/tags/ai/,2025-10-12
https://www.protocolsentinel.com/tags/Gun/,2025-10-12
https://www.protocolsentinel.com/categories/Technology-Innovation/,2025-10-12
https://www.protocolsentinel.com/tags/HuggingFace/,2025-10-12
https://www.protocolsentinel.com/tags/detachment/,2025-10-12
https://www.protocolsentinel.com/tags/Claude-4-5/,2025-10-12
https://www.protocolsentinel.com/tags/Gaza/,2025-10-12
https://www.protocolsentinel.com/tags/In-Memoriam/,2025-10-11
https://www.protocolsentinel.com/categories/Politics/US-Foreign-Policy/Conservative-Movement/,2025-10-11
https://www.protocolsentinel.com/categories/Media/,2025-10-11
https://www.protocolsentinel.com/tags/News/,2025-10-11
https://www.protocolsentinel.com/categories/Artificial-Intelligence/,2025-10-11
https://www.protocolsentinel.com/tags/Benjamin-Netanyahu/,2025-10-11
https://www.protocolsentinel.com/tags/Intel/,2025-10-11
https://www.protocolsentinel.com/tags/ChatGPT-Pulse/,2025-10-11
https://www.protocolsentinel.com/categories/Politics/US-Foreign-Policy/,2025-10-11
https://www.protocolsentinel.com/tags/Turning-Point-USA/,2025-10-11
https://www.protocolsentinel.com/tags/Human-Augmentation/,2025-10-11
https://www.protocolsentinel.com/tags/Machine-Learning/,2025-10-11
https://www.protocolsentinel.com/tags/Deep-Learning/,2025-10-11
https://www.protocolsentinel.com/tags/Conservative-Politics/,2025-10-10
https://www.protocolsentinel.com/tags/Anthropic/,2025-10-10
https://www.protocolsentinel.com/tags/Slack/,2025-10-10
https://www.protocolsentinel.com/tags/Middle-East/,2025-10-10
https://www.protocolsentinel.com/tags/Bill-Ackman/,2025-10-10
https://www.protocolsentinel.com/tags/AI-Agents/,2025-10-10
https://www.protocolsentinel.com/tags/Candace-Owens/,2025-10-10
https://www.protocolsentinel.com/tags/Future-of-AI/,2025-10-10
https://www.protocolsentinel.com/tags/NVIDIA/,2025-10-10
https://www.protocolsentinel.com/tags/Antisemitism/,2025-10-10
https://www.protocolsentinel.com/tags/Goodhart-s-Law/,2025-10-10
https://www.protocolsentinel.com/tags/Software-Development/,2025-10-10
https://www.protocolsentinel.com/tags/Israel/,2025-10-10
https://www.protocolsentinel.com/tags/AI-History/,2025-10-10
https://www.protocolsentinel.com/tags/Autonomous-AI/,2025-10-10
https://www.protocolsentinel.com/tags/US-Israel-Relations/,2025-10-10
https://www.protocolsentinel.com/tags/AI-PCs/,2025-10-10
https://www.protocolsentinel.com/tags/Athletics/,2025-10-10
https://www.protocolsentinel.com/tags/Ethical-AI/,2025-10-10
https://protocolsentinel.com/www.cojovi.com,2025-10-08
https://www.protocolsentinel.com/categories/US-Politics/,2025-10-08
https://www.protocolsentinel.com/tags/right-wing-media/,2025-10-07
https://protocolsentinel.com/post/www.beefthroat.com,2025-10-07
https://protocolsentinel.com/post/www.cojovi.com,2025-10-07
https://protocolsentinel.com/www.beefthroat.com,2025-10-06
https://www.protocolsentinel.com/tags/Nick-Fuentes/,2025-10-06
https://www.protocolsentinel.com/tags/Tucker-Carlson/,2025-10-06
https://www.protocolsentinel.com/tags/antisemitism/,2025-10-06
https://www.protocolsentinel.com/tags/Trump/,2025-10-04
https://www.protocolsentinel.com/tags/Hyundai-raid/,2025-10-04
https://www.protocolsentinel.com/tags/Accountability/,2025-10-04
https://www.protocolsentinel.com/tags/Immigration/,2025-10-04
https://www.protocolsentinel.com/tags/Kamala-Harris/,2025-10-04